code,legacy_code,name,manufacturer,supplier,product_type,supplied_by,thickness_mm,actual_thickness_mm,substrate,substrate_color,coating_family,coating_name,temper_mode,exposure_rule,allowed_surfaces,edge_deletion,deposition,availability,cost,price,lami_composition,lami_by,notes
6CL-SB70-VT,6MM CL SB70 VT,6mm Clear Solarban 70 Temperable,Vitro,Vitro Barrie,mono,own,6,5.85,clear,,lowe,Solarban 70,temperable,cavity_only,"2,3",yes,sputtered,order,1.00,,,,ПРИМЕР — удали эту строку. Физику проверь по паспорту
COG-3,,Customer Own Glass 3mm,,,mono,customer,3,3.00,clear,,uncoated,,unknown,any,,no,,special,0,0,,,"стекло клиента — цена и себестоимость 0; подложку, покрытие и temper_mode заполняет оператор при приёме"
COG-4,,Customer Own Glass 4mm,,,mono,customer,4,4.00,clear,,uncoated,,unknown,any,,no,,special,0,0,,,"стекло клиента — цена и себестоимость 0; подложку, покрытие и temper_mode заполняет оператор при приёме"
COG-5,,Customer Own Glass 5mm,,,mono,customer,5,4.85,clear,,uncoated,,unknown,any,,no,,special,0,0,,,"стекло клиента — цена и себестоимость 0; подложку, покрытие и temper_mode заполняет оператор при приёме"
COG-6,6TEMP,Customer Own Glass 6mm,,,mono,customer,6,5.85,clear,,uncoated,,unknown,any,,no,,special,0,0,,,"стекло клиента — цена и себестоимость 0; подложку, покрытие и temper_mode заполняет оператор при приёме"
COG-8,,Customer Own Glass 8mm,,,mono,customer,8,7.85,clear,,uncoated,,unknown,any,,no,,special,0,0,,,"стекло клиента — цена и себестоимость 0; подложку, покрытие и temper_mode заполняет оператор при приёме"
COG-10,10TEMP,Customer Own Glass 10mm,,,mono,customer,10,9.65,clear,,uncoated,,unknown,any,,no,,special,0,0,,,"стекло клиента — цена и себестоимость 0; подложку, покрытие и temper_mode заполняет оператор при приёме"
COG-12,12TEMP,Customer Own Glass 12mm,,,mono,customer,12,11.85,clear,,uncoated,,unknown,any,,no,,special,0,0,,,"стекло клиента — цена и себестоимость 0; подложку, покрытие и temper_mode заполняет оператор при приёме"
COG-15,,Customer Own Glass 15mm,,,mono,customer,15,,clear,,uncoated,,unknown,any,,no,,special,0,0,,,"стекло клиента — цена и себестоимость 0; подложку, покрытие и temper_mode заполняет оператор при приёме. Факт. толщина: в Spil 15мм записано как 16 — уточни"
COG-19,,Customer Own Glass 19mm,,,mono,customer,19,19.00,clear,,uncoated,,unknown,any,,no,,special,0,0,,,"стекло клиента — цена и себестоимость 0; подложку, покрытие и temper_mode заполняет оператор при приёме"
